PMID,Title,Authors,Citation,First Author,Journal/Book,Publication Year,Create Date,PMCID,NIHMS ID,DOI
"39869791","Prediction of hip fracture by high-resolution peripheral quantitative computed tomography in older Swedish women","Jaiswal R, Pivodic A, Zoulakis M, Axelsson KF, Litsne H, Johansson L, Lorentzon M.","J Bone Miner Res. 2025 Jun 3;40(6):779-790. doi: 10.1093/jbmr/zjaf020.","Jaiswal R","J Bone Miner Res","2025","2025/01/27","PMC12131241","","10.1093/jbmr/zjaf020"
"39866530","Integrating deep learning and machine learning for improved CKD-related cortical bone assessment in HRpQCT images: A pilot study","Lee Y, Bandara WR, Park S, Lee M, Seo C, Yang S, Lim KJ, Moe SM, Warden SJ, Surowiec RK.","Bone Rep. 2024 Dec 26;24:101821. doi: 10.1016/j.bonr.2024.101821. eCollection 2025 Mar.","Lee Y","Bone Rep","2024","2025/01/27","PMC11763521","","10.1016/j.bonr.2024.101821"
"38832703","Distinguishing risk of curve progression in adolescent idiopathic scoliosis with bone microarchitecture phenotyping: a 6-year longitudinal study","Yang KG, Lee WY, Hung AL, Kumar A, Chui EC, Hung VW, Cheng JC, Lam TP, Lau AY.","J Bone Miner Res. 2024 Aug 5;39(7):956-966. doi: 10.1093/jbmr/zjae083.","Yang KG","J Bone Miner Res","2024","2024/06/04","","","10.1093/jbmr/zjae083"
"38473040","Deep Convolutional Neural Networks Provide Motion Grading for High-Resolution Peripheral Quantitative Computed Tomography of the Scaphoid","Benedikt S, Zelger P, Horling L, Stock K, Pallua J, Schirmer M, Degenhart G, Ruzicka A, Arora R.","Diagnostics (Basel). 2024 Mar 6;14(5):568. doi: 10.3390/diagnostics14050568.","Benedikt S","Diagnostics (Basel)","2024","2024/03/13","PMC10931275","","10.3390/diagnostics14050568"
"37132542","A Fracture Risk Assessment Tool for High Resolution Peripheral Quantitative Computed Tomography","Whittier DE, Samelson EJ, Hannan MT, Burt LA, Hanley DA, Biver E, Szulc P, Sornay-Rendu E, Merle B, Chapurlat R, Lespessailles E, Wong AKO, Goltzman D, Khosla S, Ferrari S, Bouxsein ML, Kiel DP, Boyd SK.","J Bone Miner Res. 2023 Sep;38(9):1234-1244. doi: 10.1002/jbmr.4808. Epub 2023 May 3.","Whittier DE","J Bone Miner Res","2023","2023/05/03","PMC10523935","NIHMS1886053","10.1002/jbmr.4808"
"36581259","Machine learning applied to HR-pQCT images improves fracture discrimination provided by DXA and clinical risk factors","Lu S, Fuggle NR, Westbury LD, Ó Breasail M, Bevilacqua G, Ward KA, Dennison EM, Mahmoodi S, Niranjan M, Cooper C.","Bone. 2023 Mar;168:116653. doi: 10.1016/j.bone.2022.116653. Epub 2022 Dec 27.","Lu S","Bone","2023","2022/12/29","","","10.1016/j.bone.2022.116653"
"36368464","Motion grading of high-resolution quantitative computed tomography supported by deep convolutional neural networks","Walle M, Eggemann D, Atkins PR, Kendall JJ, Stock K, Müller R, Collins CJ.","Bone. 2023 Jan;166:116607. doi: 10.1016/j.bone.2022.116607. Epub 2022 Nov 8.","Walle M","Bone","2023","2022/11/11","","","10.1016/j.bone.2022.116607"
"34953074","Bone Microarchitecture Phenotypes Identified in Older Adults Are Associated With Different Levels of Osteoporotic Fracture Risk","Whittier DE, Samelson EJ, Hannan MT, Burt LA, Hanley DA, Biver E, Szulc P, Sornay-Rendu E, Merle B, Chapurlat R, Lespessailles E, Wong AKO, Goltzman D, Khosla S, Ferrari S, Bouxsein ML, Kiel DP, Boyd SK.","J Bone Miner Res. 2022 Mar;37(3):428-439. doi: 10.1002/jbmr.4494. Epub 2022 Jan 14.","Whittier DE","J Bone Miner Res","2022","2021/12/25","PMC9249128","NIHMS1817047","10.1002/jbmr.4494"
"34534791","Association between bone shape and the presence of a fracture in patients with a clinically suspected scaphoid fracture","Bevers MSAM, Wyers CE, Daniels AM, Audenaert EA, van Kuijk SMJ, van Rietbergen B, Geusens PPMM, Kaarsemaker S, Janzing HMJ, Hannemann PFW, Poeze M, van den Bergh JP.","J Biomech. 2021 Nov 9;128:110726. doi: 10.1016/j.jbiomech.2021.110726. Epub 2021 Aug 30.","Bevers MSAM","J Biomech","2021","2021/09/17","","","10.1016/j.jbiomech.2021.110726"
"34278000","Differences in the effects of BMI on bone microstructure between loaded and unloaded bones assessed by HR-pQCT in Japanese postmenopausal women","Fujii N, Tsukamoto M, Okimoto N, Mori M, Ikejiri Y, Yoshioka T, Kawasaki M, Kito N, Ozawa J, Nakamura R, Takano S, Fujiwara S.","Osteoporos Sarcopenia. 2021 Jun;7(2):54-62. doi: 10.1016/j.afos.2021.05.002. Epub 2021 May 26.","Fujii N","Osteoporos Sarcopenia","2021","2021/07/19","PMC8261728","","10.1016/j.afos.2021.05.002"
"33958664","Deep learning methods allow fully automated segmentation of metacarpal bones to quantify volumetric bone mineral density","Folle L, Meinderink T, Simon D, Liphardt AM, Krönke G, Schett G, Kleyer A, Maier A.","Sci Rep. 2021 May 6;11(1):9697. doi: 10.1038/s41598-021-89111-9.","Folle L","Sci Rep","2021","2021/05/07","PMC8102473","","10.1038/s41598-021-89111-9"
"33824080","Musculoskeletal injuries in military personnel-Descriptive epidemiology, risk factor identification, and prevention","Lovalekar M, Hauret K, Roy T, Taylor K, Blacker SD, Newman P, Yanovich R, Fleischmann C, Nindl BC, Jones B, Canham-Chervak M.","J Sci Med Sport. 2021 Oct;24(10):963-969. doi: 10.1016/j.jsams.2021.03.016. Epub 2021 Mar 31.","Lovalekar M","J Sci Med Sport","2021","2021/04/07","","","10.1016/j.jsams.2021.03.016"
"33761965","3D computational anatomy of the scaphoid and its waist for use in fracture treatment","Ahrend MD, Teunis T, Noser H, Schmidutz F, Richards G, Gueorguiev B, Kamer L.","J Orthop Surg Res. 2021 Mar 24;16(1):216. doi: 10.1186/s13018-021-02330-8.","Ahrend MD","J Orthop Surg Res","2021","2021/03/25","PMC7988956","","10.1186/s13018-021-02330-8"
"31759205","Lipidomic architecture shared by subclinical markers of osteoporosis and atherosclerosis: The Cardiovascular Risk in Young Finns Study","Mishra BH, Mishra PP, Mononen N, Hilvo M, Sievänen H, Juonala M, Laaksonen M, Hutri-Kähönen N, Viikari J, Kähönen M, Raitakari OT, Laaksonen R, Lehtimäki T.","Bone. 2020 Feb;131:115160. doi: 10.1016/j.bone.2019.115160. Epub 2019 Nov 21.","Mishra BH","Bone","2020","2019/11/24","","","10.1016/j.bone.2019.115160"
"28077378","Peripheral skeleton bone strength is positively correlated with total and dairy protein intakes in healthy postmenopausal women","Durosier-Izart C, Biver E, Merminod F, van Rietbergen B, Chevalley T, Herrmann FR, Ferrari SL, Rizzoli R.","Am J Clin Nutr. 2017 Feb;105(2):513-525. doi: 10.3945/ajcn.116.134676. Epub 2017 Jan 11.","Durosier-Izart C","Am J Clin Nutr","2017","2017/01/13","","","10.3945/ajcn.116.134676"
"30035065","Computational anatomy of the proximal humerus: An ex vivo high-resolution peripheral quantitative computed tomography study","Kamer L, Noser H, Popp AW, Lenz M, Blauth M.","J Orthop Translat. 2015 Oct 20;4:46-56. doi: 10.1016/j.jot.2015.09.006. eCollection 2016 Jan.","Kamer L","J Orthop Translat","2015","2018/07/24","PMC5987007","","10.1016/j.jot.2015.09.006"
"22367889","Assessing fracture risk using gradient boosting machine (GBM) models","Atkinson EJ, Therneau TM, Melton LJ 3rd, Camp JJ, Achenbach SJ, Amin S, Khosta S.","J Bone Miner Res. 2012 Jun;27(6):1397-404. doi: 10.1002/jbmr.1577.","Atkinson EJ","J Bone Miner Res","2012","2012/02/28","PMC3408850","NIHMS358831","10.1002/jbmr.1577"
